[
  {
    "id": 64844,
    "contractKey": "teste-resgate-dl-2",
    "type": "Orig",
    "status": "Pdex",
    "createdDate": "2025-10-31T18:05:10.419Z",
    "contractDate": "2025-10-30T03:00:00.000Z",
    "createdBy": "LANESDI"
  },
  {
    "id": 64843,
    "contractKey": "100128954",
    "type": "Orig",
    "status": "Fail",
    "createdDate": "2025-10-31T16:28:19.166Z",
    "contractDate": "2025-10-31T03:00:00.000Z",
    "createdBy": "FTS.CREDIT-FLOW-MANAGER"
  },
  {
    "id": 64842,
    "contractKey": "100128958",
    "type": "Orig",
    "status": "Fail",
    "createdDate": "2025-10-31T16:18:57.111Z",
    "contractDate": "2025-10-31T03:00:00.000Z",
    "createdBy": "FTS.CREDIT-FLOW-MANAGER"
  },
  {
    "id": 64841,
    "contractKey": "FINIMP-FI-20251031-1366-5",
    "type": "Orig",
    "status": "Expt",
    "createdDate": "2025-10-31T16:08:30.774Z",
    "contractDate": "2025-10-31T15:58:24.148Z",
    "createdBy": "FTS-CREDIT"
  },
  {
    "id": 64840,
    "contractKey": "FINIMP-FI-20251031-1366-3",
    "type": "Orig",
    "status": "Pdct",
    "createdDate": "2025-10-31T16:07:11.029Z",
    "contractDate": "2025-10-31T15:58:24.148Z",
    "createdBy": "FTS-CREDIT"
  },
  {
    "id": 70001,
    "contractKey": "MOCK-70001",
    "type": "Orig",
    "status": "Pdct",
    "createdDate": "2025-10-01T10:00:00.000Z",
    "contractDate": "2025-09-29T10:00:00.000Z",
    "createdBy": "MOCK.USER"
  },
  {
    "id": 70002,
    "contractKey": "MOCK-70002",
    "type": "Orig",
    "status": "Pdex",
    "createdDate": "2025-10-02T10:00:00.000Z",
    "contractDate": "2025-09-30T10:00:00.000Z",
    "createdBy": "MOCK.USER"
  },
  {
    "id": 70003,
    "contractKey": "MOCK-70003",
    "type": "Orig",
    "status": "Fail",
    "createdDate": "2025-10-03T10:00:00.000Z",
    "contractDate": "2025-10-01T10:00:00.000Z",
    "createdBy": "MOCK.USER"
  },
  {
    "id": 70004,
    "contractKey": "MOCK-70004",
    "type": "Orig",
    "status": "Expt",
    "createdDate": "2025-10-04T10:00:00.000Z",
    "contractDate": "2025-10-02T10:00:00.000Z",
    "createdBy": "MOCK.USER"
  },
  {
    "id": 70005,
    "contractKey": "MOCK-70005",
    "type": "Orig",
    "status": "Pdct",
    "createdDate": "2025-10-05T10:00:00.000Z",
    "contractDate": "2025-10-03T10:00:00.000Z",
    "createdBy": "MOCK.USER"
  },
  {
    "id": 70006,
    "contractKey": "MOCK-70006",
    "type": "Orig",
    "status": "Pdex",
    "createdDate": "2025-10-06T10:00:00.000Z",
    "contractDate": "2025-10-04T10:00:00.000Z",
    "createdBy": "MOCK.USER"
  },
  {
    "id": 70007,
    "contractKey": "MOCK-70007",
    "type": "Orig",
    "status": "Fail",
    "createdDate": "2025-10-07T10:00:00.000Z",
    "contractDate": "2025-10-05T10:00:00.000Z",
    "createdBy": "MOCK.USER"
  },
  {
    "id": 70008,
    "contractKey": "MOCK-70008",
    "type": "Orig",
    "status": "Expt",
    "createdDate": "2025-10-08T10:00:00.000Z",
    "contractDate": "2025-10-06T10:00:00.000Z",
    "createdBy": "MOCK.USER"
  },
  {
    "id": 70009,
    "contractKey": "MOCK-70009",
    "type": "Orig",
    "status": "Pdct",
    "createdDate": "2025-10-09T10:00:00.000Z",
    "contractDate": "2025-10-07T10:00:00.000Z",
    "createdBy": "MOCK.USER"
  },
  {
    "id": 70010,
    "contractKey": "MOCK-70010",
    "type": "Orig",
    "status": "Pdex",
    "createdDate": "2025-10-10T10:00:00.000Z",
    "contractDate": "2025-10-08T10:00:00.000Z",
    "createdBy": "MOCK.USER"
  },
  {
    "id": 70011,
    "contractKey": "MOCK-70011",
    "type": "Orig",
    "status": "Fail",
    "createdDate": "2025-10-11T10:00:00.000Z",
    "contractDate": "2025-10-09T10:00:00.000Z",
    "createdBy": "MOCK.USER"
  },
  {
    "id": 70012,
    "contractKey": "MOCK-70012",
    "type": "Orig",
    "status": "Expt",
    "createdDate": "2025-10-12T10:00:00.000Z",
    "contractDate": "2025-10-10T10:00:00.000Z",
    "createdBy": "MOCK.USER"
  },
  {
    "id": 70013,
    "contractKey": "MOCK-70013",
    "type": "Orig",
    "status": "Pdct",
    "createdDate": "2025-10-13T10:00:00.000Z",
    "contractDate": "2025-10-11T10:00:00.000Z",
    "createdBy": "MOCK.USER"
  },
  {
    "id": 70014,
    "contractKey": "MOCK-70014",
    "type": "Orig",
    "status": "Pdex",
    "createdDate": "2025-10-14T10:00:00.000Z",
    "contractDate": "2025-10-12T10:00:00.000Z",
    "createdBy": "MOCK.USER"
  },
  {
    "id": 70015,
    "contractKey": "MOCK-70015",
    "type": "Orig",
    "status": "Fail",
    "createdDate": "2025-10-15T10:00:00.000Z",
    "contractDate": "2025-10-13T10:00:00.000Z",
    "createdBy": "MOCK.USER"
  },
  {
    "id": 70016,
    "contractKey": "MOCK-70016",
    "type": "Orig",
    "status": "Expt",
    "createdDate": "2025-10-16T10:00:00.000Z",
    "contractDate": "2025-10-14T10:00:00.000Z",
    "createdBy": "MOCK.USER"
  },
  {
    "id": 70017,
    "contractKey": "MOCK-70017",
    "type": "Orig",
    "status": "Pdct",
    "createdDate": "2025-10-17T10:00:00.000Z",
    "contractDate": "2025-10-15T10:00:00.000Z",
    "createdBy": "MOCK.USER"
  },
  {
    "id": 70018,
    "contractKey": "MOCK-70018",
    "type": "Orig",
    "status": "Pdex",
    "createdDate": "2025-10-18T10:00:00.000Z",
    "contractDate": "2025-10-16T10:00:00.000Z",
    "createdBy": "MOCK.USER"
  },
  {
    "id": 70019,
    "contractKey": "MOCK-70019",
    "type": "Orig",
    "status": "Fail",
    "createdDate": "2025-10-19T10:00:00.000Z",
    "contractDate": "2025-10-17T10:00:00.000Z",
    "createdBy": "MOCK.USER"
  },
  {
    "id": 70020,
    "contractKey": "MOCK-70020",
    "type": "Orig",
    "status": "Expt",
    "createdDate": "2025-10-20T10:00:00.000Z",
    "contractDate": "2025-10-18T10:00:00.000Z",
    "createdBy": "MOCK.USER"
  },
  {
    "id": 70021,
    "contractKey": "MOCK-70021",
    "type": "Orig",
    "status": "Pdct",
    "createdDate": "2025-10-21T10:00:00.000Z",
    "contractDate": "2025-10-19T10:00:00.000Z",
    "createdBy": "MOCK.USER"
  },
  {
    "id": 70022,
    "contractKey": "MOCK-70022",
    "type": "Orig",
    "status": "Pdex",
    "createdDate": "2025-10-22T10:00:00.000Z",
    "contractDate": "2025-10-20T10:00:00.000Z",
    "createdBy": "MOCK.USER"
  },
  {
    "id": 70023,
    "contractKey": "MOCK-70023",
    "type": "Orig",
    "status": "Fail",
    "createdDate": "2025-10-23T10:00:00.000Z",
    "contractDate": "2025-10-21T10:00:00.000Z",
    "createdBy": "MOCK.USER"
  },
  {
    "id": 70024,
    "contractKey": "MOCK-70024",
    "type": "Orig",
    "status": "Expt",
    "createdDate": "2025-10-24T10:00:00.000Z",
    "contractDate": "2025-10-22T10:00:00.000Z",
    "createdBy": "MOCK.USER"
  },
  {
    "id": 70025,
    "contractKey": "MOCK-70025",
    "type": "Orig",
    "status": "Pdct",
    "createdDate": "2025-10-25T10:00:00.000Z",
    "contractDate": "2025-10-23T10:00:00.000Z",
    "createdBy": "MOCK.USER"
  },
  {
    "id": 70026,
    "contractKey": "MOCK-70026",
    "type": "Orig",
    "status": "Pdex",
    "createdDate": "2025-10-26T10:00:00.000Z",
    "contractDate": "2025-10-24T10:00:00.000Z",
    "createdBy": "MOCK.USER"
  },
  {
    "id": 70027,
    "contractKey": "MOCK-70027",
    "type": "Orig",
    "status": "Fail",
    "createdDate": "2025-10-27T10:00:00.000Z",
    "contractDate": "2025-10-25T10:00:00.000Z",
    "createdBy": "MOCK.USER"
  },
  {
    "id": 70028,
    "contractKey": "MOCK-70028",
    "type": "Orig",
    "status": "Expt",
    "createdDate": "2025-10-28T10:00:00.000Z",
    "contractDate": "2025-10-26T10:00:00.000Z",
    "createdBy": "MOCK.USER"
  },
  {
    "id": 70029,
    "contractKey": "MOCK-70029",
    "type": "Orig",
    "status": "Pdct",
    "createdDate": "2025-10-29T10:00:00.000Z",
    "contractDate": "2025-10-27T10:00:00.000Z",
    "createdBy": "MOCK.USER"
  },
  {
    "id": 70030,
    "contractKey": "MOCK-70030",
    "type": "Orig",
    "status": "Pdex",
    "createdDate": "2025-10-30T10:00:00.000Z",
    "contractDate": "2025-10-28T10:00:00.000Z",
    "createdBy": "MOCK.USER"
  },
  {
    "id": 70031,
    "contractKey": "MOCK-70031",
    "type": "Orig",
    "status": "Fail",
    "createdDate": "2025-10-31T10:00:00.000Z",
    "contractDate": "2025-10-29T10:00:00.000Z",
    "createdBy": "MOCK.USER"
  },
  {
    "id": 70032,
    "contractKey": "MOCK-70032",
    "type": "Orig",
    "status": "Expt",
    "createdDate": "2025-11-01T10:00:00.000Z",
    "contractDate": "2025-10-30T10:00:00.000Z",
    "createdBy": "MOCK.USER"
  },
  {
    "id": 70033,
    "contractKey": "MOCK-70033",
    "type": "Orig",
    "status": "Pdct",
    "createdDate": "2025-11-02T10:00:00.000Z",
    "contractDate": "2025-10-31T10:00:00.000Z",
    "createdBy": "MOCK.USER"
  },
  {
    "id": 70034,
    "contractKey": "MOCK-70034",
    "type": "Orig",
    "status": "Pdex",
    "createdDate": "2025-11-03T10:00:00.000Z",
    "contractDate": "2025-11-01T10:00:00.000Z",
    "createdBy": "MOCK.USER"
  },
  {
    "id": 70035,
    "contractKey": "MOCK-70035",
    "type": "Orig",
    "status": "Fail",
    "createdDate": "2025-11-04T10:00:00.000Z",
    "contractDate": "2025-11-02T10:00:00.000Z",
    "createdBy": "MOCK.USER"
  },
  {
    "id": 70036,
    "contractKey": "MOCK-70036",
    "type": "Orig",
    "status": "Expt",
    "createdDate": "2025-11-05T10:00:00.000Z",
    "contractDate": "2025-11-03T10:00:00.000Z",
    "createdBy": "MOCK.USER"
  },
  {
    "id": 70037,
    "contractKey": "MOCK-70037",
    "type": "Orig",
    "status": "Pdct",
    "createdDate": "2025-11-06T10:00:00.000Z",
    "contractDate": "2025-11-04T10:00:00.000Z",
    "createdBy": "MOCK.USER"
  },
  {
    "id": 70038,
    "contractKey": "MOCK-70038",
    "type": "Orig",
    "status": "Pdex",
    "createdDate": "2025-11-07T10:00:00.000Z",
    "contractDate": "2025-11-05T10:00:00.000Z",
    "createdBy": "MOCK.USER"
  },
  {
    "id": 70039,
    "contractKey": "MOCK-70039",
    "type": "Orig",
    "status": "Fail",
    "createdDate": "2025-11-08T10:00:00.000Z",
    "contractDate": "2025-11-06T10:00:00.000Z",
    "createdBy": "MOCK.USER"
  },
  {
    "id": 70040,
    "contractKey": "MOCK-70040",
    "type": "Orig",
    "status": "Expt",
    "createdDate": "2025-11-09T10:00:00.000Z",
    "contractDate": "2025-11-07T10:00:00.000Z",
    "createdBy": "MOCK.USER"
  },
  {
    "id": 70041,
    "contractKey": "MOCK-70041",
    "type": "Orig",
    "status": "Pdct",
    "createdDate": "2025-11-10T10:00:00.000Z",
    "contractDate": "2025-11-08T10:00:00.000Z",
    "createdBy": "MOCK.USER"
  },
  {
    "id": 70042,
    "contractKey": "MOCK-70042",
    "type": "Orig",
    "status": "Pdex",
    "createdDate": "2025-11-11T10:00:00.000Z",
    "contractDate": "2025-11-09T10:00:00.000Z",
    "createdBy": "MOCK.USER"
  },
  {
    "id": 70043,
    "contractKey": "MOCK-70043",
    "type": "Orig",
    "status": "Fail",
    "createdDate": "2025-11-12T10:00:00.000Z",
    "contractDate": "2025-11-10T10:00:00.000Z",
    "createdBy": "MOCK.USER"
  },
  {
    "id": 70044,
    "contractKey": "MOCK-70044",
    "type": "Orig",
    "status": "Expt",
    "createdDate": "2025-11-13T10:00:00.000Z",
    "contractDate": "2025-11-11T10:00:00.000Z",
    "createdBy": "MOCK.USER"
  },
  {
    "id": 70045,
    "contractKey": "MOCK-70045",
    "type": "Orig",
    "status": "Pdct",
    "createdDate": "2025-11-14T10:00:00.000Z",
    "contractDate": "2025-11-12T10:00:00.000Z",
    "createdBy": "MOCK.USER"
  },
  {
    "id": 70046,
    "contractKey": "MOCK-70046",
    "type": "Orig",
    "status": "Pdex",
    "createdDate": "2025-11-15T10:00:00.000Z",
    "contractDate": "2025-11-13T10:00:00.000Z",
    "createdBy": "MOCK.USER"
  },
  {
    "id": 70047,
    "contractKey": "MOCK-70047",
    "type": "Orig",
    "status": "Fail",
    "createdDate": "2025-11-16T10:00:00.000Z",
    "contractDate": "2025-11-14T10:00:00.000Z",
    "createdBy": "MOCK.USER"
  },
  {
    "id": 70048,
    "contractKey": "MOCK-70048",
    "type": "Orig",
    "status": "Expt",
    "createdDate": "2025-11-17T10:00:00.000Z",
    "contractDate": "2025-11-15T10:00:00.000Z",
    "createdBy": "MOCK.USER"
  },
  {
    "id": 70049,
    "contractKey": "MOCK-70049",
    "type": "Orig",
    "status": "Pdct",
    "createdDate": "2025-11-18T10:00:00.000Z",
    "contractDate": "2025-11-16T10:00:00.000Z",
    "createdBy": "MOCK.USER"
  },
  {
    "id": 70050,
    "contractKey": "MOCK-70050",
    "type": "Orig",
    "status": "Pdex",
    "createdDate": "2025-11-19T10:00:00.000Z",
    "contractDate": "2025-11-17T10:00:00.000Z",
    "createdBy": "MOCK.USER"
  },
  {
    "id": 70051,
    "contractKey": "MOCK-70051",
    "type": "Orig",
    "status": "Fail",
    "createdDate": "2025-11-20T10:00:00.000Z",
    "contractDate": "2025-11-18T10:00:00.000Z",
    "createdBy": "MOCK.USER"
  },
  {
    "id": 70052,
    "contractKey": "MOCK-70052",
    "type": "Orig",
    "status": "Expt",
    "createdDate": "2025-11-21T10:00:00.000Z",
    "contractDate": "2025-11-19T10:00:00.000Z",
    "createdBy": "MOCK.USER"
  },
  {
    "id": 70053,
    "contractKey": "MOCK-70053",
    "type": "Orig",
    "status": "Pdct",
    "createdDate": "2025-11-22T10:00:00.000Z",
    "contractDate": "2025-11-20T10:00:00.000Z",
    "createdBy": "MOCK.USER"
  },
  {
    "id": 70054,
    "contractKey": "MOCK-70054",
    "type": "Orig",
    "status": "Pdex",
    "createdDate": "2025-11-23T10:00:00.000Z",
    "contractDate": "2025-11-21T10:00:00.000Z",
    "createdBy": "MOCK.USER"
  },
  {
    "id": 70055,
    "contractKey": "MOCK-70055",
    "type": "Orig",
    "status": "Fail",
    "createdDate": "2025-11-24T10:00:00.000Z",
    "contractDate": "2025-11-22T10:00:00.000Z",
    "createdBy": "MOCK.USER"
  },
  {
    "id": 70056,
    "contractKey": "MOCK-70056",
    "type": "Orig",
    "status": "Expt",
    "createdDate": "2025-11-25T10:00:00.000Z",
    "contractDate": "2025-11-23T10:00:00.000Z",
    "createdBy": "MOCK.USER"
  },
  {
    "id": 70057,
    "contractKey": "MOCK-70057",
    "type": "Orig",
    "status": "Pdct",
    "createdDate": "2025-11-26T10:00:00.000Z",
    "contractDate": "2025-11-24T10:00:00.000Z",
    "createdBy": "MOCK.USER"
  },
  {
    "id": 70058,
    "contractKey": "MOCK-70058",
    "type": "Orig",
    "status": "Pdex",
    "createdDate": "2025-11-27T10:00:00.000Z",
    "contractDate": "2025-11-25T10:00:00.000Z",
    "createdBy": "MOCK.USER"
  },
  {
    "id": 70059,
    "contractKey": "MOCK-70059",
    "type": "Orig",
    "status": "Fail",
    "createdDate": "2025-11-28T10:00:00.000Z",
    "contractDate": "2025-11-26T10:00:00.000Z",
    "createdBy": "MOCK.USER"
  },
  {
    "id": 70060,
    "contractKey": "MOCK-70060",
    "type": "Orig",
    "status": "Expt",
    "createdDate": "2025-11-29T10:00:00.000Z",
    "contractDate": "2025-11-27T10:00:00.000Z",
    "createdBy": "MOCK.USER"
  }
]
