{
  "type": "aeronave",
  "version": 1.0,
  "description": "Formulário de Aeronave",
  "fields": [
    {
      "name": "fabricante",
      "labelKey": "Fabricante",
      "type": "string",
      "widget": "text",
      "order": 1,
      "tabIndex": 1,
      "required": true
    },
    {
      "name": "modelo",
      "labelKey": "Modelo",
      "type": "string",
      "widget": "text",
      "order": 2,
      "tabIndex": 2,
      "required": true
    },
    {
      "name": "matricula",
      "labelKey": "Matrícula",
      "type": "string",
      "widget": "text",
      "order": 3,
      "tabIndex": 3
    },
    {
      "name": "horasVoo",
      "labelKey": "Horas de Voo",
      "type": "number",
      "widget": "number",
      "order": 4,
      "tabIndex": 4
    }
  ]
}
