{
  "type": "caminhao",
  "version": 1.0,
  "description": "Formulário de Caminhão",
  "fields": [
    {
      "name": "marca",
      "labelKey": "Marca",
      "type": "string",
      "widget": "text",
      "order": 1,
      "tabIndex": 1
    },
    {
      "name": "modelo",
      "labelKey": "Modelo",
      "type": "string",
      "widget": "text",
      "order": 2,
      "tabIndex": 2
    },
    {
      "name": "ano",
      "labelKey": "Ano",
      "type": "number",
      "widget": "number",
      "order": 3,
      "tabIndex": 3
    },
    {
      "name": "renavam",
      "labelKey": "RENAVAM",
      "type": "string",
      "widget": "text",
      "order": 4,
      "tabIndex": 4
    }
  ]
}
