{
  "markets": [
    { "id": "BR", "name": "Brasil" },
    { "id": "KY", "name": "Cayman" },
    { "id": "CO", "name": "Colombia" }
  ],
  "types": {
    "BR": [
      "Alienação fiduciária",
      "Apólice de Seguro",
      "Cessão Fiduciária",
      "Equity Support Agreement",
      "FGI",
      "Fiança",
      "Hipoteca",
      "Penhor",
      "SBLC"
    ],
    "KY": [
      "CBA"
    ],
    "CO": [
      "Credit"
    ]
  },
  "subtypes": {
    "BR": [
      "Alienação fiduciária",
      "Ativo Financeiro",
      "Ações",
      "Bens Imóveis",
      "Outros",
      "Quotas",
      "Apólice de Seguro",
      "Direitos Creditórios",
      "Fundo Listado",
      "Equity Support Agreement",
      "FGI",
      "Fiança",
      "Bens Móveis",
      "Penhor",
      "SBLC"
    ],
    "KY": [
      "Charge of Banck Account - Time Deposit",
      "Deposit Security"
    ],
    "CO": [
      "Documentary Credit"
    ]
  },
  "assets": {
    "BR": [
      "Agrícola",
      "Mercantil",
      "Participação em S.A Listada (Ações)",
      "Participação em S.A Não Listada",
      "Imóvel",
      "Aeronave",
      "Equipamentos",
      "Veículos",
      "Outros",
      "Participação em LTDA",
      "Apólice de Seguro",
      "COE",
      "Cota de Fundo de investimentos",
      "Fundo de Previdência",
      "Tesouro Direto",
      "Títulos Privados",
      "Títulos Públicos",
      "Boleto",
      "Cartão",
      "CDA-WA",
      "Conta",
      "Direitos Creditórios",
      "Saldo",
      "Equity Support Agreement",
      "Fundo Garantidor para Investimentos",
      "Fiança",
      "SBLC"
    ],
    "KY": [
      "Time Deposit",
      "Bound Cayman",
      "Equity Cayman",
      "Fund Cayman"
    ],
    "CO": [
      "Garantía Real"
    ]
  }
}
