[
  {"clientId":"101","fullName":"André Luis Esteves","documentType":"CPF"},
  {"clientId":"102","fullName":"Maurício Alencar Machado","documentType":"CPF"},
  {"clientId":"103","fullName":"Helena Santana Silva","documentType":"CPF"},
  {"clientId":"104","fullName":"Beatriz Rocha Ferreira","documentType":"CPF"},
  {"clientId":"105","fullName":"Lucas Henrique Almeida","documentType":"CPF"},
  {"clientId":"106","fullName":"Gabriel Carvalho Souza","documentType":"CPF"},
  {"clientId":"107","fullName":"João Pedro Azevedo","documentType":"CPF"},
  {"clientId":"108","fullName":"Mariana Oliveira Gomes","documentType":"CPF"},
  {"clientId":"109","fullName":"Carolina Ribeiro Monteiro","documentType":"CPF"},
  {"clientId":"110","fullName":"Felipe Duarte Barros","documentType":"CPF"},
  {"clientId":"111","fullName":"Ana Paula Correia","documentType":"CPF"},
  {"clientId":"112","fullName":"Rafael Nunes Costa","documentType":"CPF"},
  {"clientId":"113","fullName":"Daniela Pires Figueiredo","documentType":"CPF"},
  {"clientId":"114","fullName":"Bruno Martins Teixeira","documentType":"CPF"},
  {"clientId":"115","fullName":"Juliana Cardoso Pinto","documentType":"CPF"},
  {"clientId":"116","fullName":"Rodrigo Araújo Tavares","documentType":"CPF"},
  {"clientId":"117","fullName":"Sérgio Cunha Bastos","documentType":"CPF"},
  {"clientId":"118","fullName":"Patrícia Borges Lima","documentType":"CPF"},
  {"clientId":"119","fullName":"Amanda Costa Vieira","documentType":"CPF"},
  {"clientId":"120","fullName":"Thiago Rezende Rocha","documentType":"CPF"},
  {"clientId":"121","fullName":"Renata Mendes Prado","documentType":"CPF"},
  {"clientId":"122","fullName":"Gustavo Moura Salles","documentType":"CPF"},
  {"clientId":"123","fullName":"Letícia Barbosa Nogueira","documentType":"CPF"},
  {"clientId":"124","fullName":"Eduardo Antunes Brito","documentType":"CPF"},
  {"clientId":"125","fullName":"Natália Guimarães Torres","documentType":"CPF"},
  {"clientId":"126","fullName":"Diego Pacheco Martins","documentType":"CPF"},
  {"clientId":"127","fullName":"Camila Castro Araújo","documentType":"CPF"},
  {"clientId":"128","fullName":"Fernando Borges Almeida","documentType":"CPF"},
  {"clientId":"129","fullName":"Flávia Moreira Campos","documentType":"CPF"},
  {"clientId":"130","fullName":"Pedro Henrique Ramos","documentType":"CPF"},
  {"clientId":"131","fullName":"Larissa Machado Coelho","documentType":"CPF"},
  {"clientId":"132","fullName":"Vinícius Santos Amaral","documentType":"CPF"},
  {"clientId":"133","fullName":"Bruna Carvalho Pires","documentType":"CPF"},
  {"clientId":"134","fullName":"Marcelo Almeida Rezende","documentType":"CPF"},
  {"clientId":"135","fullName":"Isabela Freitas Moura","documentType":"CPF"},
  {"clientId":"136","fullName":"Caio Antunes Silva","documentType":"CPF"},
  {"clientId":"137","fullName":"Nicole Rodrigues Castro","documentType":"CPF"},
  {"clientId":"138","fullName":"Roberta Barbosa Sales","documentType":"CPF"},
  {"clientId":"139","fullName":"Luís Otávio Pereira","documentType":"CPF"},
  {"clientId":"140","fullName":"Daniel Souza Falcão","documentType":"CPF"},
  {"clientId":"141","fullName":"Marina Coutinho Alves","documentType":"CPF"},
  {"clientId":"142","fullName":"Carla Mendes Ribeiro","documentType":"CPF"},
  {"clientId":"143","fullName":"Alexandre Dias Bezerra","documentType":"CPF"},
  {"clientId":"144","fullName":"Paula Cristina Teles","documentType":"CPF"},
  {"clientId":"145","fullName":"Hugo Lacerda Pimentel","documentType":"CPF"},
  {"clientId":"146","fullName":"Silvia Helena Barbosa","documentType":"CPF"},
  {"clientId":"147","fullName":"Renan Vieira Duarte","documentType":"CPF"},
  {"clientId":"148","fullName":"Fábio Assis Monteiro","documentType":"CPF"},
  {"clientId":"149","fullName":"Tatiana Ramos Albuquerque","documentType":"CPF"},
  {"clientId":"150","fullName":"Cristina Nogueira Paiva","documentType":"CPF"},
  {"clientId":"151","fullName":"Murilo Fernandes Dantas","documentType":"CPF"},
  {"clientId":"152","fullName":"Sofia Antunes Almeida","documentType":"CPF"},
  {"clientId":"153","fullName":"Otávio Correia Ramos","documentType":"CPF"},
  {"clientId":"154","fullName":"Érica Pimentel Assis","documentType":"CPF"},
  {"clientId":"155","fullName":"Alberto Vieira Guedes","documentType":"CPF"},
  {"clientId":"156","fullName":"Yasmin Farias Moura","documentType":"CPF"},
  {"clientId":"157","fullName":"Paulo Henrique Lemos","documentType":"CPF"},
  {"clientId":"158","fullName":"Clara Barbosa Rezende","documentType":"CPF"},
  {"clientId":"159","fullName":"Matheus Cunha Teles","documentType":"CPF"},
  {"clientId":"160","fullName":"Lívia Cardoso Santos","documentType":"CPF"},
  {"clientId":"201","fullName":"Azevedo Empreendimentos Ltda","documentType":"CNPJ"},
  {"clientId":"202","fullName":"Machado & Filhos Comércio S.A.","documentType":"CNPJ"},
  {"clientId":"203","fullName":"Santana Serviços Financeiros Ltda","documentType":"CNPJ"},
  {"clientId":"204","fullName":"Silva Indústria e Exportação S.A.","documentType":"CNPJ"},
  {"clientId":"205","fullName":"Rocha Participações Ltda","documentType":"CNPJ"},
  {"clientId":"206","fullName":"Ferreira Tecnologia S.A.","documentType":"CNPJ"},
  {"clientId":"207","fullName":"Almeida Consultoria Empresarial Ltda","documentType":"CNPJ"},
  {"clientId":"208","fullName":"Souza Capital S.A.","documentType":"CNPJ"},
  {"clientId":"209","fullName":"Azevedo Holdings Ltda","documentType":"CNPJ"},
  {"clientId":"210","fullName":"Oliveira Engenharia S.A.","documentType":"CNPJ"},
  {"clientId":"211","fullName":"Ribeiro Logística Ltda","documentType":"CNPJ"},
  {"clientId":"212","fullName":"Monteiro Construções S.A.","documentType":"CNPJ"},
  {"clientId":"213","fullName":"Duarte Investimentos Ltda","documentType":"CNPJ"},
  {"clientId":"214","fullName":"Correia Alimentos S.A.","documentType":"CNPJ"},
  {"clientId":"215","fullName":"Nunes Comercial Ltda","documentType":"CNPJ"},
  {"clientId":"216","fullName":"Pires Energia S.A.","documentType":"CNPJ"},
  {"clientId":"217","fullName":"Figueiredo Shipping Ltda","documentType":"CNPJ"},
  {"clientId":"218","fullName":"Teixeira Agro S.A.","documentType":"CNPJ"},
  {"clientId":"219","fullName":"Cardoso Mineração Ltda","documentType":"CNPJ"},
  {"clientId":"220","fullName":"Araújo Telecom S.A.","documentType":"CNPJ"},
  {"clientId":"221","fullName":"Tavares Imobiliária Ltda","documentType":"CNPJ"},
  {"clientId":"222","fullName":"Cunha Bancos S.A.","documentType":"CNPJ"},
  {"clientId":"223","fullName":"Borges Atacadista Ltda","documentType":"CNPJ"},
  {"clientId":"224","fullName":"Lima Siderurgia S.A.","documentType":"CNPJ"},
  {"clientId":"225","fullName":"Vieira Tecnologia Ltda","documentType":"CNPJ"},
  {"clientId":"226","fullName":"Rezende Papel e Celulose S.A.","documentType":"CNPJ"},
  {"clientId":"227","fullName":"Prado E-commerce Ltda","documentType":"CNPJ"},
  {"clientId":"228","fullName":"Moura Petróleo S.A.","documentType":"CNPJ"},
  {"clientId":"229","fullName":"Barbosa Cosméticos Ltda","documentType":"CNPJ"},
  {"clientId":"230","fullName":"Nogueira Educação S.A.","documentType":"CNPJ"},
  {"clientId":"231","fullName":"Antunes Química Ltda","documentType":"CNPJ"},
  {"clientId":"232","fullName":"Brito Holdings S.A.","documentType":"CNPJ"},
  {"clientId":"233","fullName":"Guimarães Varejo Ltda","documentType":"CNPJ"},
  {"clientId":"234","fullName":"Torres Transportes S.A.","documentType":"CNPJ"},
  {"clientId":"235","fullName":"Pacheco Saúde Ltda","documentType":"CNPJ"},
  {"clientId":"236","fullName":"Castro Farma S.A.","documentType":"CNPJ"},
  {"clientId":"237","fullName":"Almeida & Antunes Advocacia Ltda","documentType":"CNPJ"},
  {"clientId":"238","fullName":"Moreira Seguros S.A.","documentType":"CNPJ"},
  {"clientId":"239","fullName":"Campos Agronegócio Ltda","documentType":"CNPJ"},
  {"clientId":"240","fullName":"Ramos Finanças S.A.","documentType":"CNPJ"}
]
