[
  {
    "id": 1,
    "type": "imovel",
    "name": "Formulário de Imóvel",
    "version": "1.0",
    "status": "published",
    "fieldsCount": 4,
    "createdAt": "2025-09-01T12:00:00-03:00",
    "updatedAt": "2025-10-15T09:30:00-03:00",
    "meta": { "categoria": "Real", "segmento": "Imobiliário" }
  },
  {
    "id": 2,
    "type": "veiculo",
    "name": "Formulário de Veículo",
    "version": "1.1",
    "status": "published",
    "fieldsCount": 4,
    "createdAt": "2025-09-02T12:00:00-03:00",
    "updatedAt": null,
    "meta": { "categoria": "Móvel", "segmento": "Automotivo" }
  },
  {
    "id": 3,
    "type": "aeronave",
    "name": "Formulário de Aeronave",
    "version": "1.0",
    "status": "draft",
    "fieldsCount": 4,
    "createdAt": "2025-09-03T12:00:00-03:00",
    "updatedAt": null,
    "meta": { "categoria": "Móvel", "segmento": "Aéreo" }
  },
  {
    "id": 4,
    "type": "embarcacao",
    "name": "Formulário de Embarcação",
    "version": "1.0",
    "status": "draft",
    "fieldsCount": 4,
    "createdAt": "2025-09-04T12:00:00-03:00",
    "updatedAt": null,
    "meta": { "categoria": "Móvel", "segmento": "Náutico" }
  },
  {
    "id": 5,
    "type": "maquinario",
    "name": "Formulário de Maquinário",
    "version": "1.0",
    "status": "published",
    "fieldsCount": 4,
    "createdAt": "2025-09-05T12:00:00-03:00",
    "updatedAt": null,
    "meta": { "categoria": "Móvel", "segmento": "Industrial" }
  },
  {
    "id": 6,
    "type": "terreno",
    "name": "Formulário de Terreno",
    "version": "1.0",
    "status": "published",
    "fieldsCount": 4,
    "createdAt": "2025-09-06T12:00:00-03:00",
    "updatedAt": null,
    "meta": { "categoria": "Real", "segmento": "Imobiliário" }
  },
  {
    "id": 7,
    "type": "caminhao",
    "name": "Formulário de Caminhão",
    "version": "1.0",
    "status": "draft",
    "fieldsCount": 4,
    "createdAt": "2025-09-07T12:00:00-03:00",
    "updatedAt": null,
    "meta": { "categoria": "Móvel", "segmento": "Logística" }
  },
  {
    "id": 8,
    "type": "moto",
    "name": "Formulário de Moto",
    "version": "1.0",
    "status": "published",
    "fieldsCount": 3,
    "createdAt": "2025-09-08T12:00:00-03:00",
    "updatedAt": null,
    "meta": { "categoria": "Móvel", "segmento": "Automotivo" }
  },
  {
    "id": 9,
    "type": "equipamento-industrial",
    "name": "Formulário de Equipamento Industrial",
    "version": "1.0",
    "status": "published",
    "fieldsCount": 4,
    "createdAt": "2025-09-09T12:00:00-03:00",
    "updatedAt": null,
    "meta": { "categoria": "Móvel", "segmento": "Industrial" }
  },
  {
    "id": 10,
    "type": "joia",
    "name": "Formulário de Joia",
    "version": "1.0",
    "status": "deprecated",
    "fieldsCount": 4,
    "createdAt": "2025-09-10T12:00:00-03:00",
    "updatedAt": null,
    "meta": { "categoria": "Móvel", "segmento": "Pessoal" }
  },
  {
    "id": 11,
    "type": "obra-arte",
    "name": "Formulário de Obra de Arte",
    "version": "1.0",
    "status": "deprecated",
    "fieldsCount": 4,
    "createdAt": "2025-09-11T12:00:00-03:00",
    "updatedAt": null,
    "meta": { "categoria": "Móvel", "segmento": "Colecionáveis" }
  },
  {
    "id": 12,
    "type": "estoque",
    "name": "Formulário de Estoque",
    "version": "1.0",
    "status": "published",
    "fieldsCount": 4,
    "createdAt": "2025-09-12T12:00:00-03:00",
    "updatedAt": null,
    "meta": { "categoria": "Móvel", "segmento": "Comercial" }
  },
  {
    "id": 13,
    "type": "titulo",
    "name": "Formulário de Título",
    "version": "1.0",
    "status": "published",
    "fieldsCount": 4,
    "createdAt": "2025-09-13T12:00:00-03:00",
    "updatedAt": null,
    "meta": { "categoria": "Financeiro", "segmento": "Crédito" }
  },
  {
    "id": 14,
    "type": "motor-home",
    "name": "Formulário de Motorhome",
    "version": "2",
    "status": "draft",
    "fieldsCount": 32,
    "createdAt": "2025-09-14T12:00:00-03:00",
    "updatedAt": null,
    "meta": { "categoria": "Móvel", "segmento": "Automotivo" }
  }
]
