{
  "type": "embarcacao",
  "version": 1.0,
  "description": "Formulário de Embarcação",
  "fields": [
    {
      "name": "tipo",
      "labelKey": "Tipo",
      "type": "enum",
      "widget": "select",
      "values": ["Lancha", "Veleiro", "Barco"],
      "order": 1,
      "tabIndex": 1
    },
    {
      "name": "comprimento",
      "labelKey": "Comprimento (m)",
      "type": "number",
      "widget": "number",
      "order": 2,
      "tabIndex": 2
    },
    {
      "name": "registro",
      "labelKey": "Registro",
      "type": "string",
      "widget": "text",
      "order": 3,
      "tabIndex": 3
    }
  ]
}
