{
  "type": "equipamento-industrial",
  "version": 1.0,
  "description": "Formulário de Equipamento Industrial",
  "fields": [
    {
      "name": "tipo",
      "labelKey": "Tipo",
      "type": "string",
      "widget": "text",
      "order": 1,
      "tabIndex": 1
    },
    {
      "name": "capacidade",
      "labelKey": "Capacidade",
      "type": "string",
      "widget": "text",
      "order": 2,
      "tabIndex": 2
    },
    {
      "name": "numeroSerie",
      "labelKey": "Número de Série",
      "type": "string",
      "widget": "text",
      "order": 3,
      "tabIndex": 3
    }
  ]
}
