{
  "type": "estoque",
  "version": 1.0,
  "description": "Formulário de Estoque",
  "fields": [
    {
      "name": "categoria",
      "labelKey": "Categoria",
      "type": "string",
      "widget": "text",
      "order": 1,
      "tabIndex": 1
    },
    {
      "name": "quantidade",
      "labelKey": "Quantidade",
      "type": "number",
      "widget": "number",
      "order": 2,
      "tabIndex": 2
    },
    {
      "name": "valorUnitario",
      "labelKey": "Valor Unitário",
      "type": "number",
      "widget": "number",
      "order": 3,
      "tabIndex": 3
    }
  ]
}
