{
  "type": "motorhome",
  "version": 2,
  "description": "Schema completo de formulário dinâmico do tipo Motorhome, abrangendo todos os tipos, widgets, validações e dependências.",
  "fields": [
    {
      "name": "plateNumber",
      "labelKey": "FIELDS.PLATE_NUMBER",
      "type": "string",
      "widget": "text",
      "order": 1,
      "tabIndex": 1,
      "required": true,
      "validations": [
        {
          "name": "pattern",
          "value": "^[A-Z]{3}-[0-9]{4}$",
          "message": "Formato inválido. Ex: ABC-1234"
        }
      ],
      "ui": {
        "mask": "AAA-0000",
        "placeholder": "ABC-1234",
        "tooltipKey": "TOOLTIPS.PLATE_NUMBER"
      }
    },
    {
      "name": "chassisNumber",
      "labelKey": "FIELDS.CHASSIS_NUMBER",
      "type": "string",
      "widget": "text",
      "order": 2,
      "tabIndex": 2,
      "required": true,
      "validations": [
        {
          "name": "minLength",
          "value": 17
        },
        {
          "name": "maxLength",
          "value": 17
        }
      ],
      "ui": {
        "placeholder": "Número do chassi (17 caracteres)"
      }
    },
    {
      "name": "manufacturer",
      "labelKey": "FIELDS.MANUFACTURER",
      "type": "string",
      "widget": "autocomplete",
      "order": 3,
      "tabIndex": 3,
      "required": true,
      "ui": {
        "dataSource": "api/manufacturers",
        "placeholder": "Selecione o fabricante"
      }
    },
    {
      "name": "model",
      "labelKey": "FIELDS.MODEL",
      "type": "string",
      "widget": "autocomplete",
      "order": 4,
      "tabIndex": 4,
      "required": true,
      "ui": {
        "dataSource": "api/models/motorhome",
        "placeholder": "Selecione o modelo"
      }
    },
    {
      "name": "manufactureYear",
      "labelKey": "FIELDS.MANUFACTURE_YEAR",
      "type": "number",
      "widget": "number",
      "order": 5,
      "tabIndex": 5,
      "required": true,
      "validations": [
        {
          "name": "min",
          "value": 1980
        },
        {
          "name": "maxDateYear",
          "value": "today"
        }
      ],
      "ui": {
        "mask": "0000",
        "placeholder": "Ex: 2021"
      }
    },
    {
      "name": "color",
      "labelKey": "FIELDS.COLOR",
      "type": "string",
      "widget": "color",
      "order": 6,
      "tabIndex": 6,
      "validations": [
        {
          "name": "pattern",
          "value": "^#([A-Fa-f0-9]{6}|[A-Fa-f0-9]{3})$"
        }
      ],
      "ui": {
        "placeholder": "Cor principal"
      }
    },
    {
      "name": "fuelType",
      "labelKey": "FIELDS.FUEL_TYPE",
      "type": "enum",
      "widget": "select",
      "order": 7,
      "tabIndex": 7,
      "values": ["FUEL.DIESEL", "FUEL.GASOLINE", "FUEL.ELECTRIC", "FUEL.HYBRID"],
      "validations": [
        {
          "name": "required"
        }
      ]
    },
    {
      "name": "transmissionType",
      "labelKey": "FIELDS.TRANSMISSION_TYPE",
      "type": "enum",
      "widget": "select",
      "order": 8,
      "tabIndex": 8,
      "values": ["TRANSMISSION.MANUAL", "TRANSMISSION.AUTOMATIC"]
    },
    {
      "name": "hasSolarPanels",
      "labelKey": "FIELDS.HAS_SOLAR_PANELS",
      "type": "boolean",
      "widget": "checkbox",
      "order": 9,
      "tabIndex": 9,
      "ui": {
        "label": "&nbsp;"
      }
    },
    {
      "name": "solarPowerCapacity",
      "labelKey": "FIELDS.SOLAR_POWER_CAPACITY",
      "type": "number",
      "widget": "number",
      "order": 10,
      "tabIndex": 10,
      "validations": [
        {
          "name": "maxLength",
          "value": 4
        },
        {
          "name": "min",
          "value": 100
        },
        {
          "name": "max",
          "value": 1000
        }
      ],
      "ui": {
        "suffix": "Watts",
        "mask": "0000",
        "placeholder": "Ex: 1000"
      },
      "dependencies": {
        "visibleIf": {
          "field": "hasSolarPanels",
          "equals": true
        }
      }
    },
    {
      "name": "batteryType",
      "labelKey": "FIELDS.BATTERY_TYPE",
      "type": "enum",
      "widget": "select",
      "order": 11,
      "tabIndex": 11,
      "values": ["BATTERY.LITHIUM", "BATTERY.ACID", "BATTERY.GEL"]
    },
    {
      "name": "batteryCapacity",
      "labelKey": "FIELDS.BATTERY_CAPACITY",
      "type": "number",
      "widget": "number",
      "order": 12,
      "tabIndex": 12,
      "validations": [
        {
          "name": "maxLength",
          "value": 3
        },
        {
          "name": "min",
          "value": 50
        },
        {
          "name": "max",
          "value": 600
        }
      ],
      "ui": {
        "suffix": "Ah",
        "mask": "000",
        "placeholder": "Ex: 200"
      }
    },
    {
      "name": "hasGenerator",
      "labelKey": "FIELDS.HAS_GENERATOR",
      "type": "boolean",
      "widget": "checkbox",
      "order": 13,
      "tabIndex": 13,
      "ui": {
        "label": "&nbsp;"
      }
    },
    {
      "name": "generatorPower",
      "labelKey": "FIELDS.GENERATOR_POWER",
      "type": "number",
      "widget": "number",
      "order": 14,
      "tabIndex": 14,
      "validations": [
        {
          "name": "maxLength",
          "value": 3
        },
        {
          "name": "min",
          "value": 1
        },
        {
          "name": "max",
          "value": 50
        }
      ],
      "dependencies": {
        "enableIf": {
          "field": "hasGenerator",
          "equals": "true"
        }
      }
    },
    {
      "name": "hasBathroom",
      "labelKey": "FIELDS.HAS_BATHROOM",
      "type": "boolean",
      "widget": "checkbox",
      "order": 15,
      "tabIndex": 15,
      "ui": {
        "label": "&nbsp;"
      }
    },
    {
      "name": "showerType",
      "labelKey": "FIELDS.SHOWER_TYPE",
      "type": "enum",
      "widget": "select",
      "order": 16,
      "tabIndex": 16,
      "values": ["SHOWER.INTERNAL", "SHOWER.EXTERNAL", "SHOWER.BOTH"],
      "dependencies": {
        "visibleIf": {
          "field": "hasBathroom",
          "equals": true
        }
      }
    },
    {
      "name": "hasHotWater",
      "labelKey": "FIELDS.HAS_HOT_WATER",
      "type": "boolean",
      "widget": "checkbox",
      "order": 17,
      "tabIndex": 17,
      "ui": {
        "label": "&nbsp;"
      }
    },
    {
      "name": "kitchenType",
      "labelKey": "FIELDS.KITCHEN_TYPE",
      "type": "enum",
      "widget": "select",
      "order": 18,
      "tabIndex": 18,
      "values": ["KITCHEN.INTERNAL", "KITCHEN.EXTERNAL", "KITCHEN.BOTH"]
    },
    {
      "name": "hasFridge",
      "labelKey": "FIELDS.HAS_FRIDGE",
      "type": "boolean",
      "widget": "checkbox",
      "order": 19,
      "tabIndex": 19,
      "ui": {
        "label": "&nbsp;"
      }
    },
    {
      "name": "hasMicrowave",
      "labelKey": "FIELDS.HAS_MICROWAVE",
      "type": "boolean",
      "widget": "checkbox",
      "order": 20,
      "tabIndex": 20,
      "ui": {
        "label": "&nbsp;"
      }
    },
    {
      "name": "hasFireExtinguisher",
      "labelKey": "FIELDS.HAS_FIRE_EXTINGUISHER",
      "type": "boolean",
      "widget": "checkbox",
      "order": 21,
      "tabIndex": 21,
      "ui": {
        "label": "&nbsp;"
      }
    },
    {
      "name": "hasFirstAidKit",
      "labelKey": "FIELDS.HAS_FIRST_AID_KIT",
      "type": "boolean",
      "widget": "checkbox",
      "order": 22,
      "tabIndex": 22,
      "ui": {
        "label": "&nbsp;"
      }
    },
    {
      "name": "hasGPS",
      "labelKey": "FIELDS.HAS_GPS",
      "type": "boolean",
      "widget": "checkbox",
      "order": 23,
      "tabIndex": 23,
      "ui": {
        "label": "&nbsp;"
      }
    },
    {
      "name": "hasReverseCamera",
      "labelKey": "FIELDS.HAS_REVERSE_CAMERA",
      "type": "boolean",
      "widget": "checkbox",
      "order": 24,
      "tabIndex": 24,
      "ui": {
        "label": "&nbsp;"
      }
    },
    {
      "name": "hasAlarm",
      "labelKey": "FIELDS.HAS_ALARM",
      "type": "boolean",
      "widget": "checkbox",
      "order": 25,
      "tabIndex": 25,
      "ui": {
        "label": "&nbsp;"
      }
    },
    {
      "name": "tirePressureSystem",
      "labelKey": "FIELDS.TIRE_PRESSURE_SYSTEM",
      "type": "boolean",
      "widget": "checkbox",
      "order": 26,
      "tabIndex": 26,
      "ui": {
        "label": "&nbsp;"
      }
    },
    {
      "name": "zipCode",
      "labelKey": "FIELDS.ZIPCODE",
      "type": "string",
      "widget": "text",
      "order": 27,
      "tabIndex": 27,
      "required": true,
      "validations": [
        {
          "name": "pattern",
          "value": "^\\d{5}-?\\d{3}$"
        },
        {
          "name": "maxLength",
          "value": 9
        }
      ],
      "ui": {
        "mask": "00000-000"
      },
      "autoFill": {
        "triggerField": "zipCode",
        "api": "https://viacep.com.br/ws/{{zipCode}}/json/",
        "behavior": "ask|replace|fillEmpty",
        "map": {
          "state": "uf",
          "city": "localidade",
          "street": "logradouro"
        }
      }
    },
    {
      "name": "state",
      "labelKey": "FIELDS.STATE",
      "type": "string",
      "widget": "text",
      "order": 28,
      "tabIndex": 28,
      "disabled": true,
      "validations": [
        {
          "name": "",
          "value": null
        }
      ],
      "dependencies": {
        "visibleIf": {
          "field": "state",
          "equals": "true"
        }
      }
    },
    {
      "name": "city",
      "labelKey": "FIELDS.CITY",
      "type": "string",
      "widget": "text",
      "order": 29,
      "tabIndex": 29,
      "disabled": true,
      "dependencies": {
        "enableIf": {
          "field": "zipCode",
          "notEmpty": true
        }
      }
    },
    {
      "name": "street",
      "labelKey": "FIELDS.STREET",
      "type": "string",
      "widget": "text",
      "order": 30,
      "tabIndex": 30,
      "disabled": true,
      "dependencies": {
        "enableIf": {
          "field": "zipCode",
          "notEmpty": true
        }
      }
    },
    {
      "name": "insuranceExpiration",
      "labelKey": "FIELDS.INSURANCE_EXPIRATION",
      "type": "date",
      "widget": "datepicker",
      "order": 31,
      "tabIndex": 31,
      "validations": [
        {
          "name": "notPast",
          "value": true
        },
        {
          "name": "maxDiffMonths",
          "value": 12
        }
      ]
    },
    {
      "name": "lastMaintenanceDate",
      "labelKey": "FIELDS.LAST_MAINTENANCE_DATE",
      "type": "date",
      "widget": "calendar",
      "order": 32,
      "tabIndex": 32,
      "validations": [
        {
          "name": "notFuture"
        },
        {
          "name": "maxDiffMonths",
          "value": 24
        }
      ]
    },
    {
      "name": "maintenanceWorkshop",
      "labelKey": "FIELDS.MAINTENANCE_WORKSHOP",
      "type": "string",
      "widget": "text",
      "order": 33,
      "tabIndex": 33,
      "ui": {
        "placeholder": "Oficina ou técnico responsável"
      }
    },
    {
      "name": "hasInspectionReport",
      "labelKey": "FIELDS.HAS_INSPECTION_REPORT",
      "type": "boolean",
      "widget": "checkbox",
      "order": 34,
      "tabIndex": 34,
      "ui": {
        "label": "&nbsp;"
      }
    },
    {
      "name": "inspectionReportFile",
      "labelKey": "FIELDS.INSPECTION_REPORT_FILE",
      "type": "file",
      "widget": "fileupload",
      "order": 35,
      "tabIndex": 35,
      "validations": [
        {
          "name": "fileTypes",
          "value": [".pdf", ".jpg"]
        },
        {
          "name": "maxSizeMB",
          "value": 5
        }
      ],
      "dependencies": {
        "visibleIf": {
          "field": "hasInspectionReport",
          "equals": true
        }
      }
    },
    {
      "name": "estimatedValue",
      "labelKey": "FIELDS.ESTIMATED_VALUE",
      "type": "number",
      "widget": "text",
      "order": 36,
      "tabIndex": 36,
      "ui": {
        "mask": "currency",
        "prefix": "R$",
        "placeholder": "Ex: R$ 250.000,00"
      }
    },
    {
      "name": "vehiclePhotos",
      "labelKey": "FIELDS.VEHICLE_PHOTOS",
      "type": "file",
      "widget": "fileupload",
      "order": 37,
      "tabIndex": 37,
      "validations": [
        {
          "name": "fileTypes",
          "value": [".jpg", ".png"]
        },
        {
          "name": "maxFiles",
          "value": 10
        }
      ]
    },
    {
      "name": "confirmation",
      "labelKey": "FIELDS.CONFIRMATION",
      "type": "boolean",
      "widget": "confirmDialog",
      "order": 38,
      "tabIndex": 38,
      "ui": {
        "confirmationText": "Confirmar envio das informações do motorhome?",
        "confirmLabel": "Confirmar",
        "cancelLabel": "Cancelar"
      }
    },
    {
      "name": "ddgtfd",
      "labelKey": "dfgdfgdfg",
      "type": "string",
      "widget": "text",
      "order": 39,
      "tabIndex": 39,
      "required": false,
      "disabled": false
    },
    {
      "name": "dxzds",
      "labelKey": "sdfdsfd",
      "type": "string",
      "widget": "text",
      "order": 40,
      "tabIndex": 40,
      "required": false,
      "disabled": false
    }
  ]
}
