{
  "type": "imovel",
  "version": 1.0,
  "description": "Formulário de Imóvel",
  "fields": [
    {
      "name": "endereco",
      "labelKey": "Endereço",
      "type": "string",
      "widget": "text",
      "order": 1,
      "tabIndex": 1,
      "required": true
    },
    {
      "name": "area",
      "labelKey": "Área (m²)",
      "type": "number",
      "widget": "number",
      "order": 2,
      "tabIndex": 2
    },
    {
      "name": "quartos",
      "labelKey": "Qtd. Quartos",
      "type": "number",
      "widget": "number",
      "order": 3,
      "tabIndex": 3
    },
    {
      "name": "valor",
      "labelKey": "Valor",
      "type": "number",
      "widget": "number",
      "order": 4,
      "tabIndex": 4
    }
  ]
}
