{
  "type": "motorhome",
  "version": 1,
  "description": "Exemplo com dependência por validade do pai",
  "fields": [
    {
      "name": "fieldFather",
      "labelKey": "field.father.title",
      "type": "string",
      "widget": "text",
      "order": 1,
      "tabIndex": 1,
      "required": false,
      "disabled": false
    },
    {
      "name": "fieldSon1",
      "labelKey": "field.son.title",
      "type": "string",
      "widget": "text",
      "order": 2,
      "tabIndex": 2,
      "required": false,
      "disabled": false,
      "dependencies": {
        "visibleIf": { "field": "fieldFather", "notEmpty": true, "valid": true },
        "enableIf": { "field": "fieldFather", "notEmpty": true, "valid": true }
      }
    }
  ]
}
