{
  "type": "joia",
  "version": 1.0,
  "description": "Formulário de Joia",
  "fields": [
    {
      "name": "tipo",
      "labelKey": "Tipo",
      "type": "string",
      "widget": "text",
      "order": 1,
      "tabIndex": 1
    },
    {
      "name": "material",
      "labelKey": "Material",
      "type": "string",
      "widget": "text",
      "order": 2,
      "tabIndex": 2
    },
    {
      "name": "peso",
      "labelKey": "Peso (g)",
      "type": "number",
      "widget": "number",
      "order": 3,
      "tabIndex": 3
    }
  ]
}
