{
  "type": "maquinario",
  "version": 1.0,
  "description": "Formulário de Maquinário",
  "fields": [
    {
      "name": "tipoMaquina",
      "labelKey": "Tipo de Máquina",
      "type": "string",
      "widget": "text",
      "order": 1,
      "tabIndex": 1
    },
    {
      "name": "fabricante",
      "labelKey": "Fabricante",
      "type": "string",
      "widget": "text",
      "order": 2,
      "tabIndex": 2
    },
    {
      "name": "numeroSerie",
      "labelKey": "Número de Série",
      "type": "string",
      "widget": "text",
      "order": 3,
      "tabIndex": 3
    }
  ]
}
