{
  "type": "moto",
  "version": 1.0,
  "description": "Formulário de Moto",
  "fields": [
    {
      "name": "marca",
      "labelKey": "Marca",
      "type": "string",
      "widget": "text",
      "order": 1,
      "tabIndex": 1
    },
    {
      "name": "modelo",
      "labelKey": "Modelo",
      "type": "string",
      "widget": "text",
      "order": 2,
      "tabIndex": 2
    },
    {
      "name": "cilindrada",
      "labelKey": "Cilindrada",
      "type": "number",
      "widget": "number",
      "order": 3,
      "tabIndex": 3
    }
  ]
}
