{
  "type": "motorhome",
  "version": 2,
  "description": "Schema completo de formulário dinâmico do tipo Motorhome, abrangendo todos os tipos, widgets, validações e dependências.",
  "fields": [
    {
      "name": "plateNumber",
      "labelKey": "FIELDS.PLATE_NUMBER",
      "type": "enum",
      "widget": "text",
      "order": 1,
      "tabIndex": 1,
      "required": true,
      "validations": [
        {
          "name": "pattern",
          "value": "^[A-Z]{3}-[0-9]{4}$",
          "message": "Formato inválido. Ex: ABC-1234"
        }
      ],
      "ui": {
        "mask": "AAA-0000",
        "placeholder": "ABC-1234",
        "tooltipKey": "TOOLTIPS.PLATE_NUMBER",
        "hint": "Preencha a placa no formato correto, ex: GHT-1234"
      }
    },
    {
      "name": "chassisNumber",
      "labelKey": "FIELDS.CHASSIS_NUMBER",
      "type": "string",
      "widget": "text",
      "order": 2,
      "tabIndex": 2,
      "required": true,
      "validations": [
        { "name": "minLength", "value": 17 },
        { "name": "maxLength", "value": 17 }
      ],
      "ui": {
        "placeholder": "Número do chassi (17 caracteres)",
        "hint": "Informe exatamente 17 caracteres do chassi"
      }
    },
    {
      "name": "manufacturer",
      "labelKey": "FIELDS.MANUFACTURER",
      "type": "string",
      "widget": "select",
      "order": 3,
      "tabIndex": 3,
      "required": true,
      "ui": {
        "dataSource": "api/manufacturers",
        "bindKey": "id",
        "bindLabel": "label",
        "placeholder": "Selecione o fabricante",
        "hint": "Escolha o fabricante na lista"
      }
    },
    {
      "name": "model",
      "labelKey": "FIELDS.MODEL",
      "type": "string",
      "widget": "autocomplete",
      "order": 4,
      "tabIndex": 4,
      "required": true,
      "ui": {
        "dataSource": "api/models/motorhome",
        "placeholder": "Selecione o modelo",
        "hint": "Selecione o modelo do veículo"
      }
    },
    {
      "name": "manufactureYear",
      "labelKey": "FIELDS.MANUFACTURE_YEAR",
      "type": "number",
      "widget": "number",
      "order": 5,
      "tabIndex": 5,
      "required": true,
      "validations": [
        { "name": "min", "value": 1980 },
        { "name": "maxDateYear", "value": "today" }
      ],
      "ui": {
        "mask": "0000",
        "placeholder": "Ex: 2021",
        "hint": "Informe o ano em 4 dígitos (1980 até atual)"
      }
    },
    {
      "name": "color",
      "labelKey": "FIELDS.COLOR",
      "type": "string",
      "widget": "color",
      "order": 6,
      "tabIndex": 6,
      "validations": [{ "name": "pattern", "value": "^#([A-Fa-f0-9]{6}|[A-Fa-f0-9]{3})$" }],
      "ui": { "placeholder": "Cor principal", "hint": "Use o seletor para escolher a cor" }
    },
    {
      "name": "fuelType",
      "labelKey": "FIELDS.FUEL_TYPE",
      "type": "enum",
      "widget": "select",
      "order": 7,
      "tabIndex": 7,
      "values": ["FUEL.DIESEL", "FUEL.GASOLINE", "FUEL.ELECTRIC", "FUEL.HYBRID"],
      "validations": [{ "name": "required" }],
      "ui": { "hint": "Selecione o tipo de combustível" }
    },
    {
      "name": "transmissionType",
      "labelKey": "FIELDS.TRANSMISSION_TYPE",
      "type": "enum",
      "widget": "select",
      "order": 8,
      "tabIndex": 8,
      "values": ["TRANSMISSION.MANUAL", "TRANSMISSION.AUTOMATIC"],
      "ui": { "hint": "Selecione o tipo de transmissão" }
    },
    {
      "name": "hasSolarPanels",
      "labelKey": "FIELDS.HAS_SOLAR_PANELS",
      "type": "boolean",
      "widget": "checkbox",
      "order": 9,
      "tabIndex": 9,
      "ui": { "label": "&nbsp;" }
    },
    {
      "name": "solarPowerCapacity",
      "labelKey": "FIELDS.SOLAR_POWER_CAPACITY",
      "type": "number",
      "widget": "number",
      "order": 10,
      "tabIndex": 10,
      "dependencies": { "visibleIf": { "field": "hasSolarPanels", "equals": true } },
      "validations": [
        { "name": "maxLength", "value": 4 },
        { "name": "min", "value": 100 },
        { "name": "max", "value": 1000 }
      ],
      "ui": {
        "suffix": "Watts",
        "mask": "0000",
        "placeholder": "Ex: 1000",
        "hint": "Informe entre 100 e 1000 Watts"
      }
    },
    {
      "name": "batteryType",
      "labelKey": "FIELDS.BATTERY_TYPE",
      "type": "enum",
      "widget": "select",
      "order": 11,
      "tabIndex": 11,
      "values": ["BATTERY.LITHIUM", "BATTERY.ACID", "BATTERY.GEL"],
      "ui": { "hint": "Selecione o tipo de bateria" }
    },
    {
      "name": "batteryCapacity",
      "labelKey": "FIELDS.BATTERY_CAPACITY",
      "type": "number",
      "widget": "number",
      "order": 12,
      "tabIndex": 12,
      "validations": [
        { "name": "maxLength", "value": 3 },
        { "name": "min", "value": 50 },
        { "name": "max", "value": 600 }
      ],
      "ui": {
        "suffix": "Ah",
        "mask": "000",
        "placeholder": "Ex: 200",
        "hint": "Informe entre 50 e 600 Ah"
      }
    },
    {
      "name": "hasGenerator",
      "labelKey": "FIELDS.HAS_GENERATOR",
      "type": "boolean",
      "widget": "checkbox",
      "order": 13,
      "tabIndex": 13,
      "ui": { "label": "&nbsp;" }
    },
    {
      "name": "generatorPower",
      "labelKey": "FIELDS.GENERATOR_POWER",
      "type": "number",
      "widget": "number",
      "order": 14,
      "tabIndex": 14,
      "dependencies": { "visibleIf": { "field": "hasGenerator", "equals": true } },
      "validations": [
        { "name": "maxLength", "value": 3 },
        { "name": "min", "value": 1 },
        { "name": "max", "value": 50 }
      ],
      "ui": { "suffix": "kVA", "placeholder": "Ex: 5", "hint": "Preencha com valores entre 1 e 50" }
    },
    {
      "name": "hasBathroom",
      "labelKey": "FIELDS.HAS_BATHROOM",
      "type": "boolean",
      "widget": "checkbox",
      "order": 15,
      "tabIndex": 15,
      "ui": { "label": "&nbsp;" }
    },
    {
      "name": "showerType",
      "labelKey": "FIELDS.SHOWER_TYPE",
      "type": "enum",
      "widget": "select",
      "order": 16,
      "tabIndex": 16,
      "dependencies": { "visibleIf": { "field": "hasBathroom", "equals": true } },
      "values": ["SHOWER.INTERNAL", "SHOWER.EXTERNAL", "SHOWER.BOTH"],
      "ui": { "hint": "Selecione o tipo de chuveiro" }
    },
    {
      "name": "hasHotWater",
      "labelKey": "FIELDS.HAS_HOT_WATER",
      "type": "boolean",
      "widget": "checkbox",
      "order": 17,
      "tabIndex": 17,
      "ui": { "label": "&nbsp;" }
    },
    {
      "name": "kitchenType",
      "labelKey": "FIELDS.KITCHEN_TYPE",
      "type": "enum",
      "widget": "select",
      "order": 18,
      "tabIndex": 18,
      "values": ["KITCHEN.INTERNAL", "KITCHEN.EXTERNAL", "KITCHEN.BOTH"],
      "ui": { "hint": "Selecione o tipo de cozinha" }
    },
    {
      "name": "hasFridge",
      "labelKey": "FIELDS.HAS_FRIDGE",
      "type": "boolean",
      "widget": "checkbox",
      "order": 19,
      "tabIndex": 19,
      "ui": { "label": "&nbsp;" }
    },
    {
      "name": "hasMicrowave",
      "labelKey": "FIELDS.HAS_MICROWAVE",
      "type": "boolean",
      "widget": "checkbox",
      "order": 20,
      "tabIndex": 20,
      "ui": { "label": "&nbsp;" }
    },
    {
      "name": "hasFireExtinguisher",
      "labelKey": "FIELDS.HAS_FIRE_EXTINGUISHER",
      "type": "boolean",
      "widget": "checkbox",
      "order": 21,
      "tabIndex": 21,
      "ui": { "label": "&nbsp;" }
    },
    {
      "name": "hasFirstAidKit",
      "labelKey": "FIELDS.HAS_FIRST_AID_KIT",
      "type": "boolean",
      "widget": "checkbox",
      "order": 22,
      "tabIndex": 22,
      "ui": { "label": "&nbsp;" }
    },
    {
      "name": "hasGPS",
      "labelKey": "FIELDS.HAS_GPS",
      "type": "boolean",
      "widget": "checkbox",
      "order": 23,
      "tabIndex": 23,
      "ui": { "label": "&nbsp;" }
    },
    {
      "name": "hasReverseCamera",
      "labelKey": "FIELDS.HAS_REVERSE_CAMERA",
      "type": "boolean",
      "widget": "checkbox",
      "order": 24,
      "tabIndex": 24,
      "ui": { "label": "&nbsp;" }
    },
    {
      "name": "hasAlarm",
      "labelKey": "FIELDS.HAS_ALARM",
      "type": "boolean",
      "widget": "checkbox",
      "order": 25,
      "tabIndex": 25,
      "ui": { "label": "&nbsp;" }
    },
    {
      "name": "tirePressureSystem",
      "labelKey": "FIELDS.TIRE_PRESSURE_SYSTEM",
      "type": "boolean",
      "widget": "checkbox",
      "order": 26,
      "tabIndex": 26,
      "ui": { "label": "&nbsp;" }
    },

    {
      "name": "zipCode",
      "labelKey": "FIELDS.ZIPCODE",
      "type": "string",
      "widget": "text",
      "order": 27,
      "tabIndex": 27,
      "ui": { "mask": "00000-000", "hint": "Informe o CEP no formato 00000-000" },
      "required": true,
      "validations": [
        { "name": "pattern", "value": "^\\d{5}-?\\d{3}$" },
        { "name": "maxLength", "value": 9 }
      ],
      "autoFill": {
        "triggerField": "zipCode",
        "api": "https://viacep.com.br/ws/{{zipCode}}/json/",
        "behavior": "ask|replace|fillEmpty",
        "map": {
          "state": "uf",
          "city": "localidade",
          "street": "logradouro"
        }
      }
    },
    {
      "name": "state",
      "labelKey": "FIELDS.STATE",
      "type": "string",
      "widget": "text",
      "order": 28,
      "tabIndex": 28,
      "disabled": true,
      "ui": { "hint": "Preenchido automaticamente após CEP válido" },
      "dependencies": {
        "enableIf": {
          "field": "zipCode",
          "regex": "^[0-9]{5}-?[0-9]{3}$"
        }
      }
    },
    {
      "name": "city",
      "labelKey": "FIELDS.CITY",
      "type": "string",
      "widget": "text",
      "order": 29,
      "tabIndex": 29,
      "disabled": true,
      "ui": { "hint": "Preenchido automaticamente pelo CEP" },
      "dependencies": {
        "enableIf": {
          "field": "zipCode",
          "notEmpty": true
        }
      }
    },
    {
      "name": "street",
      "labelKey": "FIELDS.STREET",
      "type": "string",
      "widget": "text",
      "order": 30,
      "tabIndex": 30,
      "disabled": true,
      "ui": { "hint": "Preenchido automaticamente pelo CEP" },
      "dependencies": {
        "enableIf": {
          "field": "zipCode",
          "notEmpty": true
        }
      }
    },
    {
      "name": "insuranceExpiration",
      "labelKey": "FIELDS.INSURANCE_EXPIRATION",
      "type": "date",
      "widget": "datepicker",
      "order": 31,
      "tabIndex": 31,
      "validations": [
        { "name": "notPast", "value": true },
        { "name": "maxDiffMonths", "value": 12 }
      ],
      "ui": { "hint": "Informe uma data futura, até 12 meses" }
    },
    {
      "name": "lastMaintenanceDate",
      "labelKey": "FIELDS.LAST_MAINTENANCE_DATE",
      "type": "date",
      "widget": "calendar",
      "order": 32,
      "tabIndex": 32,
      "validations": [{ "name": "notFuture" }, { "name": "maxDiffMonths", "value": 24 }],
      "ui": { "hint": "Informe uma data passada (máx. 24 meses)" }
    },
    {
      "name": "maintenanceWorkshop",
      "labelKey": "FIELDS.MAINTENANCE_WORKSHOP",
      "type": "string",
      "widget": "text",
      "order": 33,
      "tabIndex": 33,
      "ui": {
        "placeholder": "Oficina ou técnico responsável",
        "hint": "Informe a oficina ou técnico responsável"
      }
    },
    {
      "name": "hasInspectionReport",
      "labelKey": "FIELDS.HAS_INSPECTION_REPORT",
      "type": "boolean",
      "widget": "checkbox",
      "order": 34,
      "tabIndex": 34,
      "ui": { "label": "&nbsp;" }
    },
    {
      "name": "inspectionReportFile",
      "labelKey": "FIELDS.INSPECTION_REPORT_FILE",
      "type": "file",
      "widget": "fileupload",
      "order": 35,
      "tabIndex": 35,
      "dependencies": { "visibleIf": { "field": "hasInspectionReport", "equals": true } },
      "validations": [
        { "name": "fileTypes", "value": [".pdf", ".jpg"] },
        { "name": "maxSizeMB", "value": 5 }
      ],
      "ui": { "hint": "Envie .pdf ou .jpg com até 5MB" }
    },
    {
      "name": "estimatedValue",
      "labelKey": "FIELDS.ESTIMATED_VALUE",
      "type": "number",
      "widget": "text",
      "order": 36,
      "tabIndex": 36,
      "ui": {
        "mask": "currency",
        "prefix": "R$",
        "placeholder": "Ex: R$ 250.000,00",
        "hint": "Informe o valor estimado em reais"
      }
    },
    {
      "name": "vehiclePhotos",
      "labelKey": "FIELDS.VEHICLE_PHOTOS",
      "type": "file",
      "widget": "fileupload",
      "order": 37,
      "tabIndex": 37,
      "validations": [
        { "name": "fileTypes", "value": [".jpg", ".png"] },
        { "name": "maxFiles", "value": 10 }
      ],
      "ui": { "hint": "Envie até 10 fotos (.jpg ou .png)" }
    },
    {
      "name": "confirmation",
      "labelKey": "FIELDS.CONFIRMATION",
      "type": "boolean",
      "widget": "confirmDialog",
      "order": 38,
      "tabIndex": 38,
      "ui": {
        "confirmationText": "Confirmar envio das informações do motorhome?",
        "confirmLabel": "Confirmar",
        "cancelLabel": "Cancelar"
      }
    }
  ]
}
