{
  "type": "obra-arte",
  "version": 1.0,
  "description": "Formulário de Obra de Arte",
  "fields": [
    {
      "name": "artista",
      "labelKey": "Artista",
      "type": "string",
      "widget": "text",
      "order": 1,
      "tabIndex": 1
    },
    {
      "name": "titulo",
      "labelKey": "Título",
      "type": "string",
      "widget": "text",
      "order": 2,
      "tabIndex": 2
    },
    {
      "name": "ano",
      "labelKey": "Ano",
      "type": "number",
      "widget": "number",
      "order": 3,
      "tabIndex": 3
    }
  ]
}
