{
  "Amount": 450000.0,
  "ApprovedSpread": 0.0209121546961325,
  "CurrencyCode": "BRL",
  "CounterpartyCge": 86455,
  "PartyCge": 1,
  "Term": 36,
  "TermUnit": "Month(s)",
  "ProductCanonical": "1",
  "UseOfProceedsCanonical": "",
  "InterestIndexCanonical": "",
  "InterestFrequencyCode": "Annually",
  "InterestIndexPerc": 1.0,
  "InterestGracePeriod": 0,
  "InterestRatePerc": 0.0295,
  "InterestRatePercEngine": 0.0295,
  "AmortizationFrequencyCode": "Annually",
  "AmortizationGracePeriod": 12,
  "DisbursementDate": "0001-01-01T00:00:00Z",
  "MaturityDate": "2028-09-04T00:00:00Z",
  "FinanceIof": true,
  "Rating": {
    "Agency": "BACEN",
    "Value": "AA"
  },
  "BallastInfo": {
    "LCI": false,
    "LCA": false,
    "Rural": false,
    "Compromissada": false
  },
  "Penalty": 0.02,
  "DefaultCharges": 0.01,
  "LstFee": [],
  "LstGuarantee": [],
  "LstCollateral": [
    {
      "Account": "80528",
      "Type": "CRA",
      "FieldType": "",
      "FieldValue": "CRA02300CYT",
      "Amount": 906.83013825,
      "Quantity": "931.000000000000000000",
      "Categorized": false,
      "Asset": "8065492 CRA02300CYT BRRBRACRA3F4",
      "AssetCode": "8065492",
      "CpfCnpj": "",
      "LendingValue": 633194.1440330625,
      "MarketValue": 844258.85871075,
      "PercLV": 0.75,
      "IsEditable": false,
      "AdditionalData": null,
      "CertificateId": null,
      "PensionFundDetails": null,
      "MaturityDate": null,
      "ReferenceDate": null,
      "Currency": "BRL",
      "ComplementaryInfos": null
    }
  ],
  "FundingFee": 0.00858784530386747,
  "FundedLV": 0.75,
  "LtvMarginCall": 0.825,
  "LtvCollateral": 0.75,
  "Book": null,
  "Strategy": null,
  "Account": "000080528",
  "DealStatus": {
    "Id": 10,
    "Description": "APPROVED"
  },
  "PaymentDay": null,
  "RatingPdd": {
    "PE": 0.0,
    "PD": 0.0016,
    "LGD": 0.0,
    "Stage": 1,
    "KEAD": 1.0,
    "IncurredLoss": 0.0,
    "PortfolioClassification": "C2",
    "RatingCounterparty": "BBB",
    "Type": "NCR"
  },
  "BaseContract": null,
  "NewContract": "34388-DIG-CCB00549/25",
  "NewCollateral": "34388-DIG-GAR00956/25"
}
