{
  "type": "terreno",
  "version": 1.0,
  "description": "Formulário de Terreno",
  "fields": [
    {
      "name": "area",
      "labelKey": "Área (m²)",
      "type": "number",
      "widget": "number",
      "order": 1,
      "tabIndex": 1
    },
    {
      "name": "localizacao",
      "labelKey": "Localização",
      "type": "string",
      "widget": "text",
      "order": 2,
      "tabIndex": 2
    },
    {
      "name": "matricula",
      "labelKey": "Matrícula",
      "type": "string",
      "widget": "text",
      "order": 3,
      "tabIndex": 3
    }
  ]
}
