{
  "type": "teste",
  "version": 1,
  "description": "teste",
  "fields": [
    {
      "name": "zipCode_1763491840751",
      "labelKey": "",
      "type": "string",
      "widget": "text",
      "order": 1,
      "tabIndex": 1,
      "required": true,
      "validations": [
        {
          "name": "pattern",
          "value": "^\\d{5}-?\\d{3}$",
          "message": "CEP inválido"
        },
        {
          "name": "maxLength",
          "value": 9
        }
      ],
      "ui": {
        "mask": "00000-000"
      },
      "autoFill": {
        "triggerField": "zipCode_1763491840751",
        "api": "https://viacep.com.br/ws/{{zipCode_1763491840751}}/json/",
        "behavior": "ask|replace|fillEmpty",
        "map": {
          "state_1763491840751": "uf",
          "city_1763491840751": "localidade",
          "street_1763491840751": "logradouro"
        }
      }
    },
    {
      "name": "cpf_1763491893502",
      "labelKey": "",
      "type": "string",
      "widget": "text",
      "order": 2,
      "tabIndex": 5,
      "required": true,
      "validations": [
        {
          "name": "pattern",
          "value": "^[0-9]{3}\\.?[0-9]{3}\\.?[0-9]{3}-?[0-9]{2}$",
          "message": "Outra coisa..."
        },
        {
          "name": "maxLength",
          "value": 14
        },
        {
          "name": "cpf",
          "value": null,
          "message": "Outra coisa..."
        }
      ],
      "ui": {
        "mask": "000.000.000-00",
        "hint": "Preenche com o seu CPF incluindo todos os digitos sem traço ou ponto apenas numeros"
      }
    },
    {
      "name": "city_1763491840751",
      "labelKey": "",
      "type": "string",
      "widget": "text",
      "order": 3,
      "tabIndex": 3,
      "disabled": true,
      "dependencies": {
        "enableIf": {
          "field": "zipCode_1763491840751",
          "notEmpty": true
        }
      }
    },
    {
      "name": "street_1763491840751",
      "labelKey": "",
      "type": "string",
      "widget": "text",
      "order": 4,
      "tabIndex": 4,
      "disabled": true,
      "dependencies": {
        "enableIf": {
          "field": "zipCode_1763491840751",
          "notEmpty": true
        }
      }
    },
    {
      "name": "state_1763491840751",
      "labelKey": "",
      "type": "string",
      "widget": "text",
      "order": 5,
      "tabIndex": 2,
      "disabled": true,
      "dependencies": {
        "enableIf": {
          "field": "zipCode_1763491840751",
          "regex": "^[0-9]{5}-?[0-9]{3}$"
        }
      }
    },
    {
      "name": "manufacturer_1763551742945",
      "labelKey": "",
      "type": "enum",
      "widget": "select",
      "order": 6,
      "tabIndex": 6,
      "required": true,
      "validations": [
        {
          "name": "required"
        }
      ],
      "ui": {
        "dataSource": "api/manufacturers",
        "bindKey": "id",
        "bindLabel": "label",
        "hint": "Selecione o fabricante"
      }
    }
  ]
}
