{
  "type": "titulo",
  "version": 1.0,
  "description": "Formulário de Título de Crédito",
  "fields": [
    {
      "name": "tipo",
      "labelKey": "Tipo",
      "type": "enum",
      "widget": "select",
      "values": ["CDB", "LCI", "Debênture"],
      "order": 1,
      "tabIndex": 1
    },
    {
      "name": "emissor",
      "labelKey": "Emissor",
      "type": "string",
      "widget": "text",
      "order": 2,
      "tabIndex": 2
    },
    {
      "name": "valorNominal",
      "labelKey": "Valor Nominal",
      "type": "number",
      "widget": "number",
      "order": 3,
      "tabIndex": 3
    }
  ]
}
