{
  "type": "veiculo",
  "version": 1.1,
  "description": "Formulário de Veículo",
  "fields": [
    {
      "name": "marca",
      "labelKey": "Marca",
      "type": "string",
      "widget": "text",
      "order": 1,
      "tabIndex": 1,
      "required": true
    },
    {
      "name": "modelo",
      "labelKey": "Modelo",
      "type": "string",
      "widget": "text",
      "order": 2,
      "tabIndex": 2,
      "required": true
    },
    {
      "name": "ano",
      "labelKey": "Ano",
      "type": "number",
      "widget": "number",
      "order": 3,
      "tabIndex": 3,
      "required": true
    },
    {
      "name": "placa",
      "labelKey": "Placa",
      "type": "string",
      "widget": "text",
      "order": 4,
      "tabIndex": 4
    }
  ]
}
